metric,mean,std
precision,0.8581479999999999,0.02160892801598453
recall,0.9062520000000001,0.0054552561809689554
mAP50,0.9261440000000001,0.009996375843274391
mAP50_95,0.629462,0.014559126690842418
